{
    "pages": [
        {
            "path": "pages/index",
            "style": {
                "navigationBarTitleText": "首页",
                "navigationBarBackgroundColor": "#07c1c1"
            }
        },
        {
            "path": "pages/register",
            "style": {
                "navigationBarTitleText": "用户注册",
                "navigationBarBackgroundColor": "#07c160",
                "navigationStyle": "custom"
            }
        },
        {
            "path": "pages/login",
            "style": {
                "navigationBarTitleText": "用户登录",
                "navigationBarBackgroundColor": "#07c160",
                "navigationStyle": "custom"
            }
        },
        {
            "path": "pages/human/roster",
            "style": {
                "navigationBarTitleText": "入职申报",
                "navigationBarBackgroundColor": "#07c1c1"
            }
        },
        {
            "path": "pages/personal",
            "style": {
                "navigationBarTitleText": "个人中心",
                "navigationBarBackgroundColor": "#3d82ff",
                "navigationStyle": "custom"
            }
        },
        {
            "path": "pages/reimbursementAll",
            "style": {
                "navigationBarTitleText": "综合报销",
                "navigationBarBackgroundColor": "#07c1c1"
            }
        },
        {
            "path": "pages/output",
            "style": {
                "navigationBarTitleText": "现场汇报",
                "navigationBarBackgroundColor": "#07c1c1"
            }
        },
        {
            "path": "pages/output/listshow",
            "style": {
                "navigationBarTitleText": "汇报数据记录",
                "navigationBarBackgroundColor": "#07c1c1"
            }
        },
        {
            "path": "pages/finance/reimbursement/personalRecords",
            "style": {
                "navigationBarTitleText": "个人报销记录",
                "navigationBarBackgroundColor": "#07c1c1"
            }
        },
        {
            "path": "pages/finance/enterprise/reconciliation",
            "style": {
                "navigationBarTitleText": "公司付款单",
                "navigationBarBackgroundColor": "#07c1c1"
            }
        },
        {
            "path": "pages/boss/caiwu/zhichu",
            "style": {
                "navigationBarTitleText": "财务支出",
                "navigationBarBackgroundColor": "#07c1c1"
            }
        },
        {
            "path": "pages/boss/caiwu/gongcheng",
            "style": {
                "navigationBarTitleText": "工程产值",
                "navigationBarBackgroundColor": "#07c1c1"
            }
        },
        {
            "path": "pages/boss/caiwu/fenxi",
            "style": {
                "navigationBarTitleText": "财务数据分析",
                "navigationBarBackgroundColor": "#07c1c1"
            }
        },
        {
            "path": "pages/webview",
            "style": {
                "navigationBarTitleText": ""
            }
        },
        {
            "path": "pages/finance/enterprise/reconciliationlist",
            "style": {
                "navigationBarTitleText": "公司单列表",
                "navigationBarBackgroundColor": "#07c1c1"
            }
        },
        {
            "path": "pages/store/menu",
            "style": {
                "navigationBarTitleText": "仓库管理菜单",
                "navigationBarBackgroundColor": "#07c1c1"
            }
        },
        {
            "path": "pages/store/out",
            "style": {
                "navigationBarTitleText": "出库",
                "navigationBarBackgroundColor": "#07c1c1"
            }
        },
        {
            "path": "pages/store/manage",
            "style": {
                "navigationBarTitleText": "我管理的仓库",
                "navigationBarBackgroundColor": "#07c1c1"
            }
        },
        {
            "path": "pages/store/myassets",
            "style": {
                "navigationBarTitleText": "我名下的资产",
                "navigationBarBackgroundColor": "#07c1c1"
            }
        },
        {
            "path": "pages/store/inventory",
            "style": {
                "navigationBarTitleText": "库存",
                "navigationBarBackgroundColor": "#07c1c1"
            }
        },
        {
            "path": "pages/store/into",
            "style": {
                "navigationBarTitleText": "入库",
                "navigationBarBackgroundColor": "#07c1c1"
            }
        }
    ],
    "globalStyle": {
        "navigationBarTextStyle": "white",
        "navigationBarTitleText": "您的公司名称",
        "navigationBarBackgroundColor": "#07c1c1"
    },
    "tabBar": {
        "color": "#999999",
        "selectedColor": "#08c261",
        "borderStyle": "black",
        "backgroundColor": "#ffffff",
        "list": [
            {
                "pagePath": "pages/index",
                "iconPath": "static/grid1c.png",
                "selectedIconPath": "static/grid1.png",
                "text": "首页"
            },
            {
                "pagePath": "pages/login",
                "iconPath": "static/grid2c.png",
                "selectedIconPath": "static/grid2.png",
                "text": "登录"
            },
            {
                "pagePath": "pages/reimbursementAll",
                "iconPath": "static/grid3c.png",
                "selectedIconPath": "static/grid3.png",
                "text": "综合报销"
            },
            {
                "pagePath": "pages/personal",
                "iconPath": "static/grid4c.png",
                "selectedIconPath": "static/grid4.png",
                "text": "个人中心"
            }
        ]
    }
}